Id	Label	Weight
Marius	Marius	1288
Jean Valjean	Jean Valjean	1102
Cosette	Cosette	995
Thénardier	Thénardier	589
Javert	Javert	452
Gavroche	Gavroche	302
Fauchelevent	Fauchelevent	286
Enjolras	Enjolras	250
Gille Normand	Gille Normand	235
Fantine	Fantine	205
M. Madeleine	M. Madeleine	195
Courfeyrac	Courfeyrac	181
Jondrette	Jondrette	173
Leblanc	Leblanc	111
Mabeuf	Mabeuf	89
Combeferre	Combeferre	89
Grantaire	Grantaire	82
Mme Magloire	Mme Magloire	77
Éponine	Éponine	77
Pontmercy	Pontmercy	74
Wellington	Wellington	66
Tholomyès	Tholomyès	58
Brujon	Brujon	57
Toussaint	Toussaint	52
Boulatruelle	Boulatruelle	46
Babet	Babet	46
Champmathieu	Champmathieu	44
Madeleine	Madeleine	43
Favourite	Favourite	42
père Madeleine	père Madeleine	41
Théodule	Théodule	39
Joly	Joly	37
Bahorel	Bahorel	36
Louis-Philippe	Louis-Philippe	35
Hucheloup	Hucheloup	35
Laigle	Laigle	34
M. Marius	M. Marius	32
Nicolette	Nicolette	32
monseigneur Bienvenu	monseigneur Bienvenu	30
Hougomont	Hougomont	29
Magnon	Magnon	29
Gueulemer	Gueulemer	29
Blachevelle	Blachevelle	28
Myriel	Myriel	27
Baptistine	Baptistine	27
Bonaparte	Bonaparte	27
Simplice	Simplice	27
Jean Prouvaire	Jean Prouvaire	26
Feuilly	Feuilly	26
Petit-Gervais	Petit-Gervais	25
Gorbeau	Gorbeau	24
Blücher	Blücher	22
Azelma	Azelma	22
Fauvent	Fauvent	22
Mestienne	Mestienne	21
Louis 18	Louis 18	20
Genappe	Genappe	19
Vernon	Vernon	19
Ursule	Ursule	19
Claquesous	Claquesous	19
Dahlia	Dahlia	18
M. Jean	M. Jean	18
Robespierre	Robespierre	17
Plutarque	Plutarque	17
Bigrenaille	Bigrenaille	17
Fabantou	Fabantou	17
Zéphine	Zéphine	16
Scaufflaire	Scaufflaire	16
Mondétour	Mondétour	16
Cabuc	Cabuc	16
Louis 16	Louis 16	15
Marius Pontmercy	Marius Pontmercy	15
Blondeau	Blondeau	14
Danton	Danton	14
Laffitte	Laffitte	14
Cochepaille	Cochepaille	14
Louis 15	Louis 15	13
Brutus	Brutus	13
Chenildieu	Chenildieu	13
crucifixion	crucifixion	13
Charlemagne	Charlemagne	13
G.	G.	12
Listolier	Listolier	12
Fameuil	Fameuil	12
Louis 14	Louis 14	12
Cambronne	Cambronne	12
saint Benoît	saint Benoît	12
Lon	Lon	12
Bruneseau	Bruneseau	12
Jean	Jean	11
Euphrasie	Euphrasie	11
Marguerite	Marguerite	11
Martin Verga	Martin Verga	11
B 100	B 100	11
Musain	Musain	11
Patron-Minette	Patron-Minette	11
Petite-Truanderie	Petite-Truanderie	11
Alexandre	Alexandre	10
Lobau	Lobau	10
Gribier	Gribier	10
de T.	de T.	10
Bülow	Bülow	9
Catherine	Catherine	9
Genrot	Genrot	9
Charles 10	Charles 10	9
Jeanne	Jeanne	9
Cîteaux	Cîteaux	8
Adam	Adam	8
Babylone	Babylone	8
Plancenoit	Plancenoit	8
Burgon	Burgon	8
André Chénier	André Chénier	8
Panchaud	Panchaud	8
Barthélemy	Barthélemy	8
Soult	Soult	7
Saint-Jacques-du-Haut-Pas	Saint-Jacques-du-Haut-Pas	7
Baloup	Baloup	7
Foy	Foy	7
Brunswick	Brunswick	7
Papelotte	Papelotte	7
Mme Albertine	Mme Albertine	7
Jean-Jacques	Jean-Jacques	7
Néron	Néron	7
lieutenant Théodule	lieutenant Théodule	7
Fabre	Fabre	7
Allez-vous	Allez-vous	6
Buonaparte	Buonaparte	6
Henri IV	Henri IV	6
Diogène	Diogène	6
de Cosette	de Cosette	6
Henri 4	Henri 4	6
Reille	Reille	6
Nassau	Nassau	6
Belle-Alliance	Belle-Alliance	6
Rossomme	Rossomme	6
Somerset	Somerset	6
Frischemont	Frischemont	6
Grouchy	Grouchy	6
Vienne	Vienne	6
Annibal	Annibal	6
de Rohan	de Rohan	6
Père-Lachaise	Père-Lachaise	6
Lacenaire	Lacenaire	6
Washington	Washington	6
Madelonnettes	Madelonnettes	6
Bel-Air	Bel-Air	6
Lamarque	Lamarque	6
Fannicot	Fannicot	6
Utrecht	Utrecht	5
Louis 17	Louis 17	5
O	O	5
Labarre	Labarre	5
Valjean	Valjean	5
David	David	5
Talma	Talma	5
Ève	Ève	5
C'en	C'en	5
Saint-Pol	Saint-Pol	5
Tinques	Tinques	5
Pardine	Pardine	5
Bauduin	Bauduin	5
Hill	Hill	5
Kempt	Kempt	5
Ponsonby	Ponsonby	5
Benjamin Constant	Benjamin Constant	5
Bernard	Bernard	5
Delord	Delord	5
Léonidas	Léonidas	5
Wurmser	Wurmser	5
Tryphon	Tryphon	5
Ponine	Ponine	5
de Clermont-Tonnerre	de Clermont-Tonnerre	5
Lesgle	Lesgle	5
Genflot	Genflot	5
Gisquet	Gisquet	5
Richefeu	Richefeu	5
Bugeaud	Bugeaud	5
Cournet	Cournet	5
Thénard	Thénard	5
Clinton	Clinton	4
Salomon	Salomon	4
Jéhovah	Jéhovah	4
Cent-Jours	Cent-Jours	4
Thérèse	Thérèse	4
Croix-de-Colbas	Croix-de-Colbas	4
Jacquin Labarre	Jacquin Labarre	4
Trois-Dauphins	Trois-Dauphins	4
Matth	Matth	4
N	N	4
de Berry	de Berry	4
Mars	Mars	4
de Rome	de Rome	4
Berry	Berry	4
Saint-Simon	Saint-Simon	4
Fourier	Fourier	4
de France	de France	4
Issy	Issy	4
Cléopâtre	Cléopâtre	4
Aspasie	Aspasie	4
Paméla	Paméla	4
Chabouillet	Chabouillet	4
Victurnien	Victurnien	4
Bamatabois	Bamatabois	4
Jean Mathieu	Jean Mathieu	4
Marie	Marie	4
Pierron	Pierron	4
Pyrénées	Pyrénées	4
Kellermann	Kellermann	4
Rhin	Rhin	4
Quiot	Quiot	4
Alten	Alten	4
Bertrand	Bertrand	4
Olympe	Olympe	4
Friedland	Friedland	4
Arcole	Arcole	4
Christophe Colomb	Christophe Colomb	4
Zelma	Zelma	4
Lenoir	Lenoir	4
Droit-Mur	Droit-Mur	4
saint Bernard	saint Bernard	4
de Genlis	de Genlis	4
Aumarais	Aumarais	4
de Saint-Germain	de Saint-Germain	4
Cunette	Cunette	4
Camille Desmoulins	Camille Desmoulins	4
Georges Pontmercy	Georges Pontmercy	4
Joubert	Joubert	4
Louis 11	Louis 11	4
Cougourde	Cougourde	4
François Ier	François Ier	4
Cromwell	Cromwell	4
Babeuf	Babeuf	4
Balizard	Balizard	4
Val-de-Grâce	Val-de-Grâce	4
Thèbes	Thèbes	4
Diogène Laërce	Diogène Laërce	4
Morland	Morland	4
Thermopyles	Thermopyles	4
Ménilmontant	Ménilmontant	4
Tranchelevent	Tranchelevent	4
Fesch	Fesch	3
Queyras	Queyras	3
Géborand	Géborand	3
Beccaria	Beccaria	3
Hugo	Hugo	3
Ecclésiaste	Ecclésiaste	3
Cravatte	Cravatte	3
Chastelar	Chastelar	3
Deum	Deum	3
Caton	Caton	3
Jeanne d' arc	Jeanne d' arc	3
Louis XVII	Louis XVII	3
Duchêne	Duchêne	3
Flandre	Flandre	3
Claude	Claude	3
Pascal	Pascal	3
Gerbaud	Gerbaud	3
Marie-Claude	Marie-Claude	3
de Talleyrand	de Talleyrand	3
18	18	3
Félix Tholomyès	Félix Tholomyès	3
Watteau	Watteau	3
Anglès	Anglès	3
Sylla	Sylla	3
Pierre	Pierre	3
de Villèle	de Villèle	3
Duplat	Duplat	3
Lunebourg	Lunebourg	3
Maitland	Maitland	3
Vivian	Vivian	3
Durutte	Durutte	3
Moskowa	Moskowa	3
Dubois	Dubois	3
de Condé	de Condé	3
de Prusse	de Prusse	3
Michel	Michel	3
Roguet	Roguet	3
Wagram	Wagram	3
Kléber	Kléber	3
Mélas	Mélas	3
Lodi	Lodi	3
Mantoue	Mantoue	3
Marceau	Marceau	3
Saragosse	Saragosse	3
P	P	3
Ivry	Ivry	3
Mouffetard	Mouffetard	3
Picpus	Picpus	3
Mont-Cassin	Mont-Cassin	3
Alix	Alix	3
Bouchard	Bouchard	3
de Léon	de Léon	3
Auguste	Auguste	3
Dismas	Dismas	3
Gesmas	Gesmas	3
innocent	innocent	3
Sainte-Mechtilde	Sainte-Mechtilde	3
Fontevrault	Fontevrault	3
Tibère	Tibère	3
ascension	ascension	3
Basile	Basile	3
Henri 2	Henri 2	3
Plaute	Plaute	3
Sully-Prudhomme	Sully-Prudhomme	3
Sorbonne	Sorbonne	3
Albe	Albe	3
Job	Job	3
Tartuffe	Tartuffe	3
Château-d'Eau	Château-d'Eau	3
Coromandel	Coromandel	3
Vaubois	Vaubois	3
T.	T.	3
Nicolas	Nicolas	3
Richelieu	Richelieu	3
Dambray	Dambray	3
Malaquais	Malaquais	3
Aristogiton	Aristogiton	3
Varsovie	Varsovie	3
de Courfeyrac	de Courfeyrac	3
Phocion	Phocion	3
Maubert	Maubert	3
Prouvaire	Prouvaire	3
Royol	Royol	3
Hercule	Hercule	3
Caïn	Caïn	3
Pabourgeot	Pabourgeot	3
Alvarès	Alvarès	3
Rothschild	Rothschild	3
chose	chose	3
Deux-Milliards	Deux-Milliards	3
Urbain Fabre	Urbain Fabre	3
Metternich	Metternich	3
Maubuée	Maubuée	3
Louis 13	Louis 13	3
Charlot	Charlot	3
Turgot	Turgot	3
Ninive	Ninive	3
Roméo	Roméo	3
Mavot	Mavot	3
rue Michel-le-Comte	rue Michel-le-Comte	3
Vieilles-Haudriettes	Vieilles-Haudriettes	3
Sainte-Avoye	Sainte-Avoye	3
Hercle	Hercle	3
Don	Don	3
Chanvrerie	Chanvrerie	3
Brennus	Brennus	3
Anceau	Anceau	3
Homme-Armé	Homme-Armé	3
Escoubleau	Escoubleau	3
Joya	Joya	3
Puget	Puget	2
de Digne	de Digne	2
Augustin	Augustin	2
de Grand-Champ	de Grand-Champ	2
Gaspard Bès	Gaspard Bès	2
Pigault-Lebrun	Pigault-Lebrun	2
Naigeon	Naigeon	2
Needham	Needham	2
Vincent de Paul	Vincent de Paul	2
Bienvenu Myriel	Bienvenu Myriel	2
de cartouche	de cartouche	2
Louis XV	Louis XV	2
Maillard	Maillard	2
Letellier	Letellier	2
Marie-Antoinette	Marie-Antoinette	2
Louis le grand	Louis le grand	2
Louis XVIII	Louis XVIII	2
Prusse	Prusse	2
de sale	de sale	2
Michel-Ange	Michel-Ange	2
Marc-Aurèle	Marc-Aurèle	2
saint Jérôme	saint Jérôme	2
Gassendi	Gassendi	2
golfe Juan	golfe Juan	2
de R.	de R.	2
saint Pierre	saint Pierre	2
Forêt-Noire	Forêt-Noire	2
Isabeau	Isabeau	2
Montenotte	Montenotte	2
Claude gueux	Claude gueux	2
Jean-le-Cric	Jean-le-Cric	2
lynch	lynch	2
Forioso	Forioso	2
Tolleron	Tolleron	2
Louis	Louis	2
Gros-Caillou	Gros-Caillou	2
Dautun	Dautun	2
Louis XVI	Louis XVI	2
Marchangy	Marchangy	2
d' Angoulême	d' Angoulême	2
de Sassenaye	de Sassenaye	2
Lemblin	Lemblin	2
Valois	Valois	2
Louvel	Louvel	2
Carnot	Carnot	2
Decazes	Decazes	2
Loyson	Loyson	2
David d' Angers	David d' Angers	2
Lamennais	Lamennais	2
de Vaublanc	de Vaublanc	2
Dupuytren	Dupuytren	2
de Neufchâteau	de Neufchâteau	2
Grégoire	Grégoire	2
Royer-Collard	Royer-Collard	2
d' Artois	d' Artois	2
Quatre-Bras	Quatre-Bras	2
Arthurs	Arthurs	2
Oscar	Oscar	2
Joséphine	Joséphine	2
Alphonse	Alphonse	2
janvier	janvier	2
Castaing	Castaing	2
Delvincourt	Delvincourt	2
Diane	Diane	2
Greuze	Greuze	2
Delorme	Delorme	2
Pirée	Pirée	2
Grimod de la Reynière	Grimod de la Reynière	2
Félix	Félix	2
Guillaume	Guillaume	2
Géorgiques	Géorgiques	2
Désaugiers	Désaugiers	2
Apulée	Apulée	2
Goliath	Goliath	2
de La Fayette	de La Fayette	2
Eponine	Eponine	2
Alfred	Alfred	2
Jacques	Jacques	2
Fouché	Fouché	2
Vidocq	Vidocq	2
Joseph de Maistre	Joseph de Maistre	2
Bolivar	Bolivar	2
Christi	Christi	2
Alighieri	Alighieri	2
Bourgaillard	Bourgaillard	2
Mont-Saint-Éloy	Mont-Saint-Éloy	2
Enfants-Rouges	Enfants-Rouges	2
Je-nie-Dieu	Je-nie-Dieu	2
Hulpe	Hulpe	2
Guilleminot	Guilleminot	2
Guillaume Van Kylsom	Guillaume Van Kylsom	2
Blackman	Blackman	2
Hal	Hal	2
Jérusalem	Jérusalem	2
Colville	Colville	2
Gribeauval	Gribeauval	2
Folard	Folard	2
d' orange	d' orange	2
Gordon	Gordon	2
Haxo	Haxo	2
Mitchell	Mitchell	2
Ompteda	Ompteda	2
Talavera	Talavera	2
Salamanque	Salamanque	2
Uxbridge	Uxbridge	2
Donzelot	Donzelot	2
Marcognet	Marcognet	2
Wavre	Wavre	2
Bérésina	Bérésina	2
Leipzig	Leipzig	2
Lefebvre-Desnouettes	Lefebvre-Desnouettes	2
Wathier	Wathier	2
Murat	Murat	2
Colbert	Colbert	2
Hacke	Hacke	2
Vandeleur	Vandeleur	2
Muffling	Muffling	2
Dyle	Dyle	2
Chapelle-Saint-Lambert	Chapelle-Saint-Lambert	2
Domon	Domon	2
Zieten	Zieten	2
Rylandt	Rylandt	2
Ulm	Ulm	2
Mack	Mack	2
Montebello	Montebello	2
Bathurst	Bathurst	2
Bautzen	Bautzen	2
Trestaillon	Trestaillon	2
Sera	Sera	2
Coblentz	Coblentz	2
Palafox	Palafox	2
Havré	Havré	2
Porte-Saint-Martin	Porte-Saint-Martin	2
Marché-aux-Chevaux	Marché-aux-Chevaux	2
Vignes-Saint-Marcel	Vignes-Saint-Marcel	2
corbeau	corbeau	2
maître Renard	maître Renard	2
R	R	2
Ulbach	Ulbach	2
Dumont	Dumont	2
Goblet	Goblet	2
Clairvaux	Clairvaux	2
Philippe de Néri	Philippe de Néri	2
présentation	présentation	2
Maria	Maria	2
Ecce	Ecce	2
Écouen	Écouen	2
Zétulbé	Zétulbé	2
Sainte-Aure	Sainte-Aure	2
de Blemeur	de Blemeur	2
Drouet	Drouet	2
Julien	Julien	2
Eusèbe	Eusèbe	2
de bar	de bar	2
Calas	Calas	2
Caïphe	Caïphe	2
Merlonus Horstius	Merlonus Horstius	2
Tibre	Tibre	2
Bernard Guidonis	Bernard Guidonis	2
2	2	2
Benoît	Benoît	2
Jean-François Senault	Jean-François Senault	2
Charles-Quint	Charles-Quint	2
Bara	Bara	2
Courtille	Courtille	2
Mesmer	Mesmer	2
Delphes	Delphes	2
Messaline	Messaline	2
Domitien	Domitien	2
Saguet	Saguet	2
Sybaris	Sybaris	2
Kosciusko	Kosciusko	2
John Brown	John Brown	2
Garibaldi	Garibaldi	2
Pisacane	Pisacane	2
Régnier	Régnier	2
Fex	Fex	2
Newton	Newton	2
Tivoli	Tivoli	2
de Nevers	de Nevers	2
Bestuchef	Bestuchef	2
Fualdès	Fualdès	2
de La Mothe	de La Mothe	2
Mayence	Mayence	2
Berthier	Berthier	2
Sicile	Sicile	2
Ferdinand	Ferdinand	2
Alexandrie	Alexandrie	2
Lutzen	Lutzen	2
Dresde	Dresde	2
de Roquelaure	de Roquelaure	2
de Valentinois	de Valentinois	2
Mathusalem	Mathusalem	2
Buonaparté	Buonaparté	2
Harmodius	Harmodius	2
Isaïe	Isaïe	2
La Fayette	La Fayette	2
Lesgueules	Lesgueules	2
Lègle	Lègle	2
Jolllly	Jolllly	2
Pylade	Pylade	2
B 100 il	B 100 il	2
rue Jean-Jacques-Rousseau	rue Jean-Jacques-Rousseau	2
Louison	Louison	2
Heidelberg	Heidelberg	2
Caligula	Caligula	2
Strongylion	Strongylion	2
Épisthate	Épisthate	2
Carthage	Carthage	2
Paul	Paul	2
Sainval	Sainval	2
Musichetta	Musichetta	2
Charte-Touquet	Charte-Touquet	2
Mahomet	Mahomet	2
Rousseau	Rousseau	2
Cauteretz	Cauteretz	2
Hernani	Hernani	2
Sieyès	Sieyès	2
Raphaël	Raphaël	2
Spartacus	Spartacus	2
Schinderhannes	Schinderhannes	2
Arche-Marion	Arche-Marion	2
Hercule Farnèse	Hercule Farnèse	2
Brune	Brune	2
Abel	Abel	2
Kruideniers	Kruideniers	2
Bizarro	Bizarro	2
Célimène	Célimène	2
Demi-Liard	Demi-Liard	2
d' Ursule	d' Ursule	2
U.F.	U.F.	2
Coupdesabot	Coupdesabot	2
Saint-Lazare	Saint-Lazare	2
Stuarts	Stuarts	2
Pritchard	Pritchard	2
Casimir Perier	Casimir Perier	2
Quénisset	Quénisset	2
Arbre-sec	Arbre-sec	2
Sept-Billards	Sept-Billards	2
Manuel	Manuel	2
faubourg Antoine	faubourg Antoine	2
Némorin	Némorin	2
Bièvre	Bièvre	2
Gérard	Gérard	2
Théodule Gille Normand	Théodule Gille Normand	2
Euryanthe	Euryanthe	2
barge	barge	2
Orme-Saint-Gervais	Orme-Saint-Gervais	2
Keksekça	Keksekça	2
Kekçaa	Kekçaa	2
Porrichinelle	Porrichinelle	2
Fumade	Fumade	2
Charonne	Charonne	2
Bercy	Bercy	2
Décarrons	Décarrons	2
Nonaindières	Nonaindières	2
Coupelevent	Coupelevent	2
Alceste	Alceste	2
Hébert	Hébert	2
Rubicon	Rubicon	2
Lombier	Lombier	2
Filspierre	Filspierre	2
Roland	Roland	2
Popincourt	Popincourt	2
Charlotte	Charlotte	2
Pot-aux-Roses	Pot-aux-Roses	2
Bossuet	Bossuet	2
Palais-Royal	Palais-Royal	2
Prouvaires	Prouvaires	2
Ambiorix	Ambiorix	2
Artevelde	Artevelde	2
Marnix	Marnix	2
Pélage	Pélage	2
COSETTE	COSETTE	2
Porter	Porter	2
mademoiselle Cosette	mademoiselle Cosette	2
Lise	Lise	2
Zoïle	Zoïle	2
Suchet	Suchet	2
Falstaff	Falstaff	2
Troie	Troie	2
Esplandian	Esplandian	2
Boucherat	Boucherat	2
Chemin-Vert	Chemin-Vert	2
Amelot	Amelot	2
Blaise Poutrain	Blaise Poutrain	2
de Sourdis	de Sourdis	2
Euphrasie Fauchelevent	Euphrasie Fauchelevent	2
Binche	Binche	2
Hélène	Hélène	2
Bagration	Bagration	2
Charles Myriel	Charles Myriel	1
Brignolles	Brignolles	1
le curé	le curé	1
de Simore	de Simore	1
Charles Brûlart de Genlis	Charles Brûlart de Genlis	1
Antoine de Mesgrigny	Antoine de Mesgrigny	1
Philippe de Vendôme	Philippe de Vendôme	1
de Saint-Honoré de Lérins	de Saint-Honoré de Lérins	1
François de Berton de grillon	François de Berton de grillon	1
Glandève	Glandève	1
Jean Soanen	Jean Soanen	1
Terre-Sainte	Terre-Sainte	1
bigot de Préameneu	bigot de Préameneu	1
Château-Arnoux	Château-Arnoux	1
Bienvenu	Bienvenu	1
Devoluy	Devoluy	1
Lô	Lô	1
de Lô	de Lô	1
de Champtercier	de Champtercier	1
Donnez-les	Donnez-les	1
Onté	Onté	1
Puerte	Puerte	1
Maistre	Maistre	1
Flavius Josèphe	Flavius Josèphe	1
Onkelos	Onkelos	1
Ptolémaïs	Ptolémaïs	1
Barleycourt	Barleycourt	1
lord Germain	lord Germain	1
Cornwallis	Cornwallis	1
Poinçot	Poinçot	1
Pissot	Pissot	1
Baruch	Baruch	1
Esdras justice	Esdras justice	1
de Chaliot	de Chaliot	1
tourteau	tourteau	1
d' Agde	d' Agde	1
Jussieu	Jussieu	1
Couloubroux	Couloubroux	1
Pompierry	Pompierry	1
Nisi Dominus	Nisi Dominus	1
Jauziers	Jauziers	1
Joug-de-l'Aigle	Joug-de-l'Aigle	1
Ubaye	Ubaye	1
Ubayette	Ubayette	1
Épicure	Épicure	1
d' Argens	d' Argens	1
Pyrrhon	Pyrrhon	1
Hobbes	Hobbes	1
Fiez-vous	Fiez-vous	1
Tertullien	Tertullien	1
Sardanapale	Sardanapale	1
Étienne	Étienne	1
Boischevron	Boischevron	1
Raoul de faux	Raoul de faux	1
Jean de faux	Jean de faux	1
Thomas de faux	Thomas de faux	1
Guy-Étienne-Alexandre	Guy-Étienne-Alexandre	1
Marie-Louise	Marie-Louise	1
Adrien-Charles de Gramont	Adrien-Charles de Gramont	1
de Gramont	de Gramont	1
Fauq	Fauq	1
Faoucq	Faoucq	1
Sylvanie	Sylvanie	1
S. madame	S. madame	1
Hu	Hu	1
Azraël	Azraël	1
Sinite	Sinite	1
Barabbas	Barabbas	1
Hérode	Hérode	1
G. vous	G. vous	1
Vermis	Vermis	1
Fouquier-Tinville	Fouquier-Tinville	1
Lamoignon-Bâville	Lamoignon-Bâville	1
Jourdan-Coupe-Tête	Jourdan-Coupe-Tête	1
de l' État	de l' État	1
Peteghem	Peteghem	1
Sainte-Claire	Sainte-Claire	1
Perrette	Perrette	1
Tiridate	Tiridate	1
Sambre-et-Meuse	Sambre-et-Meuse	1
Patrem	Patrem	1
d' asseoir	d' asseoir	1
Grégoire 16	Grégoire 16	1
Élie	Élie	1
Ens	Ens	1
saint Paul	saint Paul	1
Drouot	Drouot	1
général Bertrand	général Bertrand	1
Labarre de la Croix-de-Colbas	Labarre de la Croix-de-Colbas	1
Lauzet	Lauzet	1
Alloz	Alloz	1
Escoublon	Escoublon	1
Puy-Moisson	Puy-Moisson	1
Tso-maraude	Tso-maraude	1
R.	R.	1
saint Matthieu	saint Matthieu	1
Paulin Musebois	Paulin Musebois	1
de Boischevron	de Boischevron	1
de Lucenet	de Lucenet	1
Gédéon Le Prévost	Gédéon Le Prévost	1
Tottlingen	Tottlingen	1
Danube	Danube	1
Jeanne Mathieu	Jeanne Mathieu	1
Vlajean	Vlajean	1
mère Jeanne	mère Jeanne	1
Maubert Isabeau	Maubert Isabeau	1
Cinq-Cents	Cinq-Cents	1
Buona-Parte	Buona-Parte	1
Basses-Alpes	Basses-Alpes	1
Guillons	Guillons	1
Cochefilet	Cochefilet	1
Bruguière de Sorsum	Bruguière de Sorsum	1
Pellegrini	Pellegrini	1
Bigottini	Bigottini	1
Odry	Odry	1
Saqui	Saqui	1
Delalot	Delalot	1
Pleignier	Pleignier	1
Carbonneau	Carbonneau	1
abbé Louis	abbé Louis	1
Champ-de-Mai	Champ-de-Mai	1
Marché-aux-Fleurs	Marché-aux-Fleurs	1
Chaumareix	Chaumareix	1
Géricault	Géricault	1
Selves	Selves	1
Soliman	Soliman	1
Messier	Messier	1
de Duras	de Duras	1
Ourika	Ourika	1
Mathurin Bruneau	Mathurin Bruneau	1
Bellart	Bellart	1
de Broè	de Broè	1
Paul-Louis Courier	Paul-Louis Courier	1
Arlincourt	Arlincourt	1
Claire d' Albe	Claire d' Albe	1
Malek-Adel	Malek-Adel	1
Cottin	Cottin	1
Franconi	Franconi	1
Paër	Paër	1
Agnese	Agnese	1
Saint-Avelle	Saint-Avelle	1
Edmond Géraud	Edmond Géraud	1
de Sicile	de Sicile	1
de Staël	de Staël	1
Arnault	Arnault	1
Redivivus	Redivivus	1
M. Piet	M. Piet	1
rue Thérèse	rue Thérèse	1
Bacot	Bacot	1
Canuel	Canuel	1
O'Mahony	O'Mahony	1
Chappedelaine	Chappedelaine	1
Delaverderie	Delaverderie	1
Trogoff	Trogoff	1
Pilorge	Pilorge	1
Lafon	Lafon	1
de Féletz	de Féletz	1
A.	A.	1
Hoffmann	Hoffmann	1
Z. Charles Nodier	Z. Charles Nodier	1
Thérèse Aubert	Thérèse Aubert	1
de Trinquelague	de Trinquelague	1
Clausel de Montals	Clausel de Montals	1
Clausel de Coussergues	Clausel de Coussergues	1
de Salaberry	de Salaberry	1
Philibert	Philibert	1
Fabvier	Fabvier	1
Bavoux	Bavoux	1
Pélicier	Pélicier	1
de pin	de pin	1
Amasie	Amasie	1
Dappes	Dappes	1
Dufour	Dufour	1
Byron	Byron	1
Millevoye	Millevoye	1
baron	baron	1
Caron	Caron	1
Félicité Robert	Félicité Robert	1
Delaveau	Delaveau	1
Récamier	Récamier	1
abbé Grégoire	abbé Grégoire	1
Bal-Sauvage	Bal-Sauvage	1
Ligny	Ligny	1
Arabie	Arabie	1
Ossian	Ossian	1
Fantine la blond	Fantine la blond	1
Adolphe	Adolphe	1
Gustave	Gustave	1
Yungfrau	Yungfrau	1
Faccia	Faccia	1
Tête-Noire	Tête-Noire	1
Éléonore	Éléonore	1
Labouïsse	Labouïsse	1
Galatée	Galatée	1
Érigone	Érigone	1
Junons	Junons	1
Coustou	Coustou	1
Barberousse	Barberousse	1
Lancret	Lancret	1
Urfé	Urfé	1
Bourguin	Bourguin	1
Turcaret	Turcaret	1
de Bernis	de Bernis	1
Tolosa	Tolosa	1
Soy de Badajoz	Soy de Badajoz	1
Amor	Amor	1
Toda	Toda	1
Beaujon	Beaujon	1
de Gand	de Gand	1
Proportionnez	Proportionnez	1
Mamselle	Mamselle	1
de Montcalm	de Montcalm	1
Isaac	Isaac	1
Octave	Octave	1
Actium	Actium	1
Toryne	Toryne	1
Amphiaraüs	Amphiaraüs	1
Gula	Gula	1
Gulax	Gulax	1
Munatius Demens	Munatius Demens	1
Origène	Origène	1
Prosper	Prosper	1
Quirites	Quirites	1
Caballeros	Caballeros	1
Nunc	Nunc	1
Bacche	Bacche	1
Alicante	Alicante	1
Canaries	Canaries	1
Euphorion	Euphorion	1
miss Dahlia	miss Dahlia	1
Rosa	Rosa	1
Chassez-croisez	Chassez-croisez	1
Elleviou	Elleviou	1
Coural	Coural	1
Freiras	Freiras	1
bombarder	bombarder	1
Ber	Ber	1
Quin	Quin	1
Munophis d' Elephanta	Munophis d' Elephanta	1
Thygélion de Chéronée	Thygélion de Chéronée	1
Périclès	Périclès	1
Samos	Samos	1
Manon Lescaut	Manon Lescaut	1
Caillard	Caillard	1
Imogine	Imogine	1
roi Louis-Philippe	roi Louis-Philippe	1
Josefa	Josefa	1
Pepita	Pepita	1
Françoise	Françoise	1
Sillette	Sillette	1
Théodore	Théodore	1
Clélie	Clélie	1
Lodoïska	Lodoïska	1
de Scudéry	de Scudéry	1
Mme Barthélemy-Hadot	Mme Barthélemy-Hadot	1
Bournon-Malarme	Bournon-Malarme	1
Gulnare	Gulnare	1
Ducray-Duminil	Ducray-Duminil	1
Arthur	Arthur	1
Thomas	Thomas	1
Dumolard	Dumolard	1
d' Otrante	d' Otrante	1
Styx	Styx	1
Flachot	Flachot	1
Margueritte	Margueritte	1
d' Espagne	d' Espagne	1
Morillo	Morillo	1
Laennec	Laennec	1
Romain	Romain	1
Mathieu	Mathieu	1
Chan	Chan	1
Chan Mathieu	Chan Mathieu	1
Buseaupied	Buseaupied	1
Pierre Chesnelong	Pierre Chesnelong	1
Charcellay	Charcellay	1
Le bosser	Le bosser	1
Sicard	Sicard	1
de Paul	de Paul	1
Simplice de Sicile	Simplice de Sicile	1
Syracuse	Syracuse	1
Ségeste	Ségeste	1
Scaufflaër	Scaufflaër	1
Antoine Albin de Romainville	Antoine Albin de Romainville	1
Camblin	Camblin	1
Crinchon	Crinchon	1
de Conzié	de Conzié	1
Limosin	Limosin	1
Jean-Nicolas Pache	Jean-Nicolas Pache	1
Pache	Pache	1
Romorantin	Romorantin	1
Théramène	Théramène	1
Lourdes	Lourdes	1
T. F. p.	T. F. p.	1
saint Michel	saint Michel	1
Allonouaite	Allonouaite	1
Béjean	Béjean	1
Bojean	Bojean	1
Boujean	Boujean	1
Bois-Seigneur-Isaac	Bois-Seigneur-Isaac	1
Échabeau	Échabeau	1
Hugomons	Hugomons	1
de Somerel	de Somerel	1
Cooke	Cooke	1
frère Jérôme	frère Jérôme	1
Bachelu	Bachelu	1
Anne	Anne	1
Henquinez	Henquinez	1
Marquesa de Almagro	Marquesa de Almagro	1
Habana	Habana	1
Legros	Legros	1
Wilda	Wilda	1
Van Kylsom	Van Kylsom	1
Lenôtre	Lenôtre	1
Aboukir	Aboukir	1
Dantes	Dantes	1
Michel-Anges	Michel-Anges	1
Annibals	Annibals	1
Bonapartes	Bonapartes	1
Tongres	Tongres	1
Jérôme Bonaparte	Jérôme Bonaparte	1
Titus	Titus	1
Perponcher	Perponcher	1
Salvator Rosa	Salvator Rosa	1
Quid	Quid	1
Rembrandt	Rembrandt	1
Van Der Meulen	Van Der Meulen	1
Van	Van	1
Meulen	Meulen	1
Hollando-Belges	Hollando-Belges	1
picton	picton	1
Hale-Sainte	Hale-Sainte	1
Baring	Baring	1
Bro	Bro	1
Hamilton	Hamilton	1
Marsh	Marsh	1
Merbe-Braine	Merbe-Braine	1
Groe-nendael	Groe-nendael	1
Boitsfort	Boitsfort	1
Wincke	Wincke	1
Halkett	Halkett	1
Kielmansegge	Kielmansegge	1
Vitoria	Vitoria	1
Ridet Caesar	Ridet Caesar	1
Pompeius	Pompeius	1
Fulminatrix	Fulminatrix	1
Ostende	Ostende	1
de Richmond	de Richmond	1
Gourgaud	Gourgaud	1
Zéphir	Zéphir	1
Scabra	Scabra	1
Debrye	Debrye	1
Mathieu Nicaise	Mathieu Nicaise	1
Piré	Piré	1
vieux	vieux	1
de Saxe-Weimar	de Saxe-Weimar	1
d' Erlon	d' Erlon	1
Smohain	Smohain	1
Mi-parti	Mi-parti	1
Malplaquet	Malplaquet	1
Blü-cher	Blü-cher	1
Ben Lothian	Ben Lothian	1
Argos	Argos	1
Dornberg	Dornberg	1
Fuller	Fuller	1
Badajoz	Badajoz	1
Dehaze	Dehaze	1
Van Kluze	Van Kluze	1
Lhéritier	Lhéritier	1
Dnop	Dnop	1
Blancard	Blancard	1
Barne	Barne	1
Delancey	Delancey	1
Van Merlen	Van Merlen	1
Cumberland	Cumberland	1
Vert-Coucou	Vert-Coucou	1
Groenendael	Groenendael	1
Gand	Gand	1
Siborne	Siborne	1
Pringle	Pringle	1
Vincent	Vincent	1
Alava	Alava	1
de Blücher	de Blücher	1
Dion-le-Mont	Dion-le-Mont	1
de Dalmatie	de Dalmatie	1
Losthin	Losthin	1
Hiller	Hiller	1
Ryssel	Ryssel	1
Pirch Ier	Pirch Ier	1
Friant	Friant	1
Harlet	Harlet	1
Mallet	Mallet	1
Poret de Morvan	Poret de Morvan	1
Pirch	Pirch	1
Subervic	Subervic	1
Guyot	Guyot	1
Ducesme	Ducesme	1
Gosselies	Gosselies	1
Frasnes	Frasnes	1
Charleroi	Charleroi	1
Thuin	Thuin	1
Hoc	Hoc	1
Jupiters	Jupiters	1
Isle	Isle	1
Joseph	Joseph	1
Jomini	Jomini	1
Alvinzi	Alvinzi	1
Essling	Essling	1
Rivoli	Rivoli	1
Workman	Workman	1
Inkermann	Inkermann	1
raglan	raglan	1
Philippes	Philippes	1
Pape-lotte	Pape-lotte	1
Pétersbourg	Pétersbourg	1
Romanov	Romanov	1
Hohenzollern	Hohenzollern	1
Habsbourg	Habsbourg	1
élysée	élysée	1
Hartwell	Hartwell	1
Louis XIV	Louis XIV	1
d' Enghien	d' Enghien	1
Pie 7	Pie 7	1
Schoenbrunn	Schoenbrunn	1
de l' Europe	de l' Europe	1
Sainte-Alliance	Sainte-Alliance	1
Hudson Lowe	Hudson Lowe	1
Longwood	Longwood	1
de Fervacques	de Fervacques	1
Cerisoles	Cerisoles	1
Palatinat	Palatinat	1
Alleurs	Alleurs	1
C'eût	C'eût	1
Ferney	Ferney	1
Sibérie	Sibérie	1
Fodit	Fodit	1
Roger Bacon	Roger Bacon	1
Charles VI	Charles VI	1
Belzébuth	Belzébuth	1
Lucifer	Lucifer	1
Six-Fours	Six-Fours	1
Andujar	Andujar	1
de Carignan	de Carignan	1
Charles-Albert	Charles-Albert	1
Trocadéro	Trocadéro	1
Rostopchine	Rostopchine	1
Ballesteros	Ballesteros	1
Ruyter	Ruyter	1
Algésiras	Algésiras	1
Caracara Polyborus	Caracara Polyborus	1
Delille	Delille	1
Raynal	Raynal	1
Pamy	Pamy	1
Chien-faute-de-nom	Chien-faute-de-nom	1
du No	du No	1
Castlereagh	Castlereagh	1
Bellevue	Bellevue	1
Monsieur-dont-je-ne-sais-pas-le-nom	Monsieur-dont-je-ne-sais-pas-le-nom	1
Balaguier	Balaguier	1
Pradeaux	Pradeaux	1
Beausset	Beausset	1
Grand-Villard	Grand-Villard	1
Grange-de-Doumecq	Grange-de-Doumecq	1
Chavailles	Chavailles	1
Chapelle-Gonaguet	Chapelle-Gonaguet	1
Ourcine	Ourcine	1
DEFENSE d' afficher	DEFENSE d' afficher	1
Renard	Renard	1
de La Roche-Aymon	de La Roche-Aymon	1
Du Barry	Du Barry	1
Prenard	Prenard	1
Daumont	Daumont	1
Saint-Etienne-du-Mont	Saint-Etienne-du-Mont	1
Y. lequel	Y. lequel	1
Quatre-Nations	Quatre-Nations	1
Feydeau	Feydeau	1
Porcherons	Porcherons	1
Arbre-de-Cracovie	Arbre-de-Cracovie	1
Petite-Pologne	Petite-Pologne	1
Denis Thierry	Denis Thierry	1
Jean Girin	Jean Girin	1
Battemolle	Battemolle	1
M. Guillaume Lambert	M. Guillaume Lambert	1
Lambert	Lambert	1
Duvivier	Duvivier	1
Ligniville	Ligniville	1
Desprez	Desprez	1
Artonge	Artonge	1
Cyrus	Cyrus	1
Scythie	Scythie	1
Tressez	Tressez	1
Attila	Attila	1
Marcien	Marcien	1
Capoue	Capoue	1
Alcala	Alcala	1
Sainte-Justine de Padoue	Sainte-Justine de Padoue	1
Valombrosa	Valombrosa	1
saint Robert	saint Robert	1
de Molesme	de Molesme	1
Subiaco	Subiaco	1
Florence	Florence	1
Pierre de Bérulle	Pierre de Bérulle	1
nativité	nativité	1
conception	conception	1
passion	passion	1
Gratiâ	Gratiâ	1
Enfant-Jésus	Enfant-Jésus	1
Sainte-Aulaire	Sainte-Aulaire	1
Bélissen	Bélissen	1
Talbot	Talbot	1
Agathe	Agathe	1
Agathoclès	Agathoclès	1
Mazarin	Mazarin	1
Campan	Campan	1
Patenôtre	Patenôtre	1
la vierge	la vierge	1
Salus	Salus	1
Nemo	Nemo	1
de Quélen	de Quélen	1
Œiil-de-Bœuf	Œiil-de-Bœuf	1
Rohan	Rohan	1
Magnates	Magnates	1
Saint-Basile	Saint-Basile	1
Sainte-Scolastique	Sainte-Scolastique	1
mère Jacob	mère Jacob	1
XVIIIème	XVIIIème	1
de Beaufort d' Hautpoul	de Beaufort d' Hautpoul	1
Dufresne	Dufresne	1
Vacarmini	Vacarmini	1
Imparibus	Imparibus	1
Alta	Alta	1
Hos	Hos	1
Dimas	Dimas	1
Marguerite de Blemeur	Marguerite de Blemeur	1
Dacier de l' ordre	Dacier de l' ordre	1
Cineres	Cineres	1
Sainte-Honorine	Sainte-Honorine	1
Sainte-Gertrude	Sainte-Gertrude	1
Sainte-Ange	Sainte-Ange	1
annonciation	annonciation	1
Saint-Augustin	Saint-Augustin	1
mademoiselle Gauvain	mademoiselle Gauvain	1
Filles-Dieu	Filles-Dieu	1
Saint-Joseph	Saint-Joseph	1
de Cogolludo	de Cogolludo	1
Sainte-Adélaïde	Sainte-Adélaïde	1
d' Auverney	d' Auverney	1
miséricorde	miséricorde	1
de Cifuentes	de Cifuentes	1
compassion	compassion	1
de la Miltière	de la Miltière	1
providence	providence	1
de Laudinière	de Laudinière	1
de Siguenza	de Siguenza	1
Sainte-Céligne	Sainte-Céligne	1
Ceracchi	Ceracchi	1
Sainte-Chantal	Sainte-Chantal	1
de Suzon	de Suzon	1
Roze	Roze	1
mademoiselle Roze	mademoiselle Roze	1
assomption	assomption	1
Sainte-Euphrasie	Sainte-Euphrasie	1
Six-cinq	Six-cinq	1
Quatre-quatre	Quatre-quatre	1
Banès	Banès	1
Ansiaux	Ansiaux	1
Anciot	Anciot	1
Maugout	Maugout	1
de Miromesnil	de Miromesnil	1
François	François	1
Procope	Procope	1
Faënza	Faënza	1
Courtin	Courtin	1
de bouc	de bouc	1
de Châteauvieux	de Châteauvieux	1
de Metz	de Metz	1
Alexandre 7	Alexandre 7	1
Volaverunt	Volaverunt	1
Julia Alpinula	Julia Alpinula	1
Hic	Hic	1
Vvixi	Vvixi	1
Hortus	Hortus	1
Sirven	Sirven	1
Holopherne	Holopherne	1
Tibet	Tibet	1
Bos	Bos	1
Dracon	Dracon	1
Trimalcion	Trimalcion	1
Thalès	Thalès	1
de La trappe	de La trappe	1
Deo	Deo	1
Mabillon	Mabillon	1
de Béthune	de Béthune	1
de Bérulle	de Bérulle	1
Notre-Seigneur	Notre-Seigneur	1
Pie VII	Pie VII	1
Diodore	Diodore	1
Cappadoce	Cappadoce	1
Acarus	Acarus	1
Mezzocane	Mezzocane	1
d' Aquila	d' Aquila	1
Térence	Térence	1
Roche-Abeille	Roche-Abeille	1
de castille	de castille	1
Tuy	Tuy	1
Plantavit de la fosse	Plantavit de la fosse	1
Constantin Pogonat	Constantin Pogonat	1
Chonodemaire	Chonodemaire	1
Constance	Constance	1
Martin	Martin	1
Gymnastoras	Gymnastoras	1
de Clairvaux	de Clairvaux	1
Técelin	Técelin	1
Alèthe	Alèthe	1
Châlon-sur-Saône	Châlon-sur-Saône	1
Guillaume de Champeaux	Guillaume de Champeaux	1
Pierre de Bruys	Pierre de Bruys	1
Henry	Henry	1
Raoul	Raoul	1
Gilbert de la Porée	Gilbert de la Porée	1
le jeune	le jeune	1
Eugène 3	Eugène 3	1
de Périgord	de Périgord	1
Charles de Gondren	Charles de Gondren	1
François Bourgoin	François Bourgoin	1
Gondren	Gondren	1
Bourgoin	Bourgoin	1
de Sainte-Marthe	de Sainte-Marthe	1
coton	coton	1
de Salone	de Salone	1
Mommol	Mommol	1
Martin de tour	Martin de tour	1
Pierre notaire	Pierre notaire	1
Visigoths	Visigoths	1
Gautier	Gautier	1
Othon	Othon	1
de Bourgogne	de Bourgogne	1
de Cîteaux	de Cîteaux	1
Arnoul Wion	Arnoul Wion	1
Gabriel Bucelin	Gabriel Bucelin	1
Trithème	Trithème	1
Maurolicus	Maurolicus	1
Luc d' Achery	Luc d' Achery	1
Benoît 8	Benoît 8	1
Austin Castillejo	Austin Castillejo	1
Perronet	Perronet	1
Suresne	Suresne	1
Croix-Rouge	Croix-Rouge	1
Requiescat	Requiescat	1
Din	Din	1
Venons-nous	Venons-nous	1
de Latil	de Latil	1
Léon 12	Léon 12	1
Della Genga	Della Genga	1
Surrey	Surrey	1
Accouplez	Accouplez	1
Homuncio	Homuncio	1
mucher	mucher	1
Alleluia	Alleluia	1
Matanturlurette	Matanturlurette	1
Profundis	Profundis	1
Adamastor	Adamastor	1
Fouillou	Fouillou	1
Urbis	Urbis	1
Fuscus	Fuscus	1
Flaccus	Flaccus	1
Mont-Parnasse	Mont-Parnasse	1
Fosse-aux-Loups	Fosse-aux-Loups	1
Aubiers	Aubiers	1
Montsouris	Montsouris	1
Tombe-Issoire	Tombe-Issoire	1
Pierre-Plate de Châtillon	Pierre-Plate de Châtillon	1
Enghien	Enghien	1
Samson	Samson	1
monter	monter	1
Papavoine	Papavoine	1
Delaporte	Delaporte	1
Bories	Bories	1
Jean Martin	Jean Martin	1
Lecouffé	Lecouffé	1
Debacker	Debacker	1
Évohé	Évohé	1
Poquelin	Poquelin	1
Championnet	Championnet	1
Geneviève	Geneviève	1
Vah	Vah	1
Parthénon	Parthénon	1
Asinarium	Asinarium	1
Vejanus	Vejanus	1
Therapontigonus Miles	Therapontigonus Miles	1
Vadeboncœur	Vadeboncœur	1
Damasippe	Damasippe	1
Curtillus	Curtillus	1
Curculion	Curculion	1
Ergasile	Ergasile	1
Cambacérès	Cambacérès	1
Alcesimarchus	Alcesimarchus	1
Phoedromus	Phoedromus	1
Diabolus	Diabolus	1
Argirippe	Argirippe	1
Aulu-Gelle	Aulu-Gelle	1
Congrio	Congrio	1
Charles Nodier	Charles Nodier	1
Marton	Marton	1
Pardalisca	Pardalisca	1
Pantolabus	Pantolabus	1
Nomentanus	Nomentanus	1
Hermogène	Hermogène	1
Thrasius	Thrasius	1
Thesprion	Thesprion	1
Desaugiers	Desaugiers	1
Balatron	Balatron	1
Esquilies	Esquilies	1
Trophonius	Trophonius	1
Ergaphilos	Ergaphilos	1
Cagliostro	Cagliostro	1
Vâsaphantâ	Vâsaphantâ	1
Oumoumié de damas	Oumoumié de damas	1
Ésope	Ésope	1
Mayeux	Mayeux	1
Canidie	Canidie	1
Lenormand	Lenormand	1
Dodone	Dodone	1
Dubarry	Dubarry	1
Chodruc Duclos	Chodruc Duclos	1
Léthé	Léthé	1
Varus Vibiscus	Varus Vibiscus	1
Gracchos Tiberim	Gracchos Tiberim	1
Bibere Tiberim	Bibere Tiberim	1
Mabille	Mabille	1
Janicule	Janicule	1
Staphyla	Staphyla	1
Planesium	Planesium	1
Colisée	Colisée	1
Charlet	Charlet	1
Adonaï	Adonaï	1
Botzaris	Botzaris	1
Riego	Riego	1
Bem	Bem	1
Lopez	Lopez	1
île de Léon	île de Léon	1
Pesth	Pesth	1
Palerme	Palerme	1
Harper's ferry	Harper's ferry	1
Gozzi	Gozzi	1
Quiroga	Quiroga	1
Missolonghi	Missolonghi	1
Bouginier	Bouginier	1
Crédeville	Crédeville	1
Arouet	Arouet	1
Lux	Lux	1
Burke	Burke	1
Galilée	Galilée	1
de Voltaire	de Voltaire	1
de Vivonne	de Vivonne	1
Jordaens	Jordaens	1
Camargo	Camargo	1
Sallé	Sallé	1
Nahenry	Nahenry	1
Guimard-Guimardini-Guimardinette	Guimard-Guimardini-Guimardinette	1
Nain-Londrin	Nain-Londrin	1
de Boufflers	de Boufflers	1
Corbière	Corbière	1
Humann	Humann	1
Casimir-Perier	Casimir-Perier	1
Luc-Esprit	Luc-Esprit	1
de Nivernais	de Nivernais	1
Catherine 2	Catherine 2	1
Lamotte	Lamotte	1
Nîmois	Nîmois	1
Olympie	Olympie	1
9	9	1
virginal	virginal	1
d' Alluye	d' Alluye	1
Sourdis	Sourdis	1
Jacquin	Jacquin	1
Tabaraud	Tabaraud	1
Sylvae	Sylvae	1
de Bonald	de Bonald	1
Bengy-Puy-Vallée	Bengy-Puy-Vallée	1
Renfoncez	Renfoncez	1
Dessolles	Dessolles	1
Deserre	Deserre	1
Jausion	Jausion	1
de Lamothe-Valois	de Lamothe-Valois	1
de la pompadour	de la pompadour	1
Barry	Barry	1
Vaubernier	Vaubernier	1
de Guéménée	de Guéménée	1
de Ruppin	de Ruppin	1
de Brandebourg	de Brandebourg	1
Soulange Bodin	Soulange Bodin	1
Worms	Worms	1
Neustadt	Neustadt	1
Turkheim	Turkheim	1
Alzey	Alzey	1
Houchard	Houchard	1
de Hesse	de Hesse	1
Andernach	Andernach	1
Mont-Palissel	Mont-Palissel	1
Novi	Novi	1
Malher	Malher	1
Günzbourg	Günzbourg	1
Weltingen	Weltingen	1
Maupetit	Maupetit	1
Hambourg	Hambourg	1
Eylau	Eylau	1
Wachau	Wachau	1
Gelenhausen	Gelenhausen	1
Lowe	Lowe	1
Flaminius	Flaminius	1
rue de Vernon	rue de Vernon	1
Mathan	Mathan	1
Lévis	Lévis	1
Lévi	Lévi	1
Cambis	Cambis	1
Cambyse	Cambyse	1
Valory	Valory	1
Charles-Antoine	Charles-Antoine	1
de Beauffremont	de Beauffremont	1
de Coriolis d' Espinouse	de Coriolis d' Espinouse	1
d' Amendre	d' Amendre	1
Port-de-Guy	Port-de-Guy	1
de Port-de-Guy	de Port-de-Guy	1
Thibord du Chalard	Thibord du Chalard	1
Lemarchant de Gomicourt	Lemarchant de Gomicourt	1
Cornet-Dincourt	Cornet-Dincourt	1
Campaspe	Campaspe	1
Guimard	Guimard	1
Halma	Halma	1
Larose	Larose	1
Letourneur	Letourneur	1
Frayssinous	Frayssinous	1
Keravenant	Keravenant	1
Macchi	Macchi	1
Nisibi	Nisibi	1
Palmieri	Palmieri	1
de la luzerne	de la luzerne	1
de tonnerre	de tonnerre	1
Cottret	Cottret	1
Caryste	Caryste	1
de Vibraye	de Vibraye	1
de Talaru	de Talaru	1
d' Herbouville	d' Herbouville	1
de Monaco	de Monaco	1
Beugnot	Beugnot	1
de Créquy	de Créquy	1
Épiménide	Épiménide	1
Bonaparte scapin	Bonaparte scapin	1
Martainville	Martainville	1
Fiévée	Fiévée	1
Agier	Agier	1
Colnet	Colnet	1
Dédorer	Dédorer	1
N. c'est	N. c'est	1
Pontmarie	Pontmarie	1
Montpercy	Montpercy	1
H.	H.	1
Vergniaud	Vergniaud	1
Werther	Werther	1
Andelys	Andelys	1
Triel	Triel	1
Pacy	Pacy	1
Laroche-Guyon	Laroche-Guyon	1
Fleurissez	Fleurissez	1
Victoire	Victoire	1
Castratus	Castratus	1
Narsès	Narsès	1
Barbari	Barbari	1
Barberini	Barberini	1
Fueros	Fueros	1
Fuegos	Fuegos	1
Petrus	Petrus	1
Antinoüs	Antinoüs	1
Gracchus	Gracchus	1
Évadné	Évadné	1
Baumarchais	Baumarchais	1
Ézéchiel	Ézéchiel	1
Vir	Vir	1
Arago	Arago	1
Geoffroy Saint-Hilaire	Geoffroy Saint-Hilaire	1
Deleuze	Deleuze	1
Niagara	Niagara	1
Jehan	Jehan	1
Agrippa d' Aubigné	Agrippa d' Aubigné	1
Thessalie	Thessalie	1
de Chauvelin	de Chauvelin	1
Chauvelin	Chauvelin	1
de Caumartin	de Caumartin	1
Caumartin	Caumartin	1
de Constant de Rebecque	de Constant de Rebecque	1
Lallemand	Lallemand	1
d' Avaray	d' Avaray	1
R. Grantaire	R. Grantaire	1
Irma Boissy	Irma Boissy	1
Loizerolles	Loizerolles	1
Eudamidas	Eudamidas	1
Éphestion	Éphestion	1
Pechméja	Pechméja	1
Erudimini	Erudimini	1
Blondeau le nez	Blondeau le nez	1
Blondeau Nasica	Blondeau Nasica	1
Démocrate-bonapartiste	Démocrate-bonapartiste	1
Initium	Initium	1
Charles 2	Charles 2	1
Drapez	Drapez	1
Incitatus	Incitatus	1
Roastbeef	Roastbeef	1
Belle-Jambe	Belle-Jambe	1
Eucnemos	Eucnemos	1
Pydna	Pydna	1
Tolbiac de Clovis	Tolbiac de Clovis	1
Anacéphore	Anacéphore	1
Pisistrate	Pisistrate	1
Philetas	Philetas	1
Silanion	Silanion	1
Charing-Cross	Charing-Cross	1
Albion	Albion	1
John bull	John bull	1
frère Jonathan	frère Jonathan	1
Alexis	Alexis	1
Ivans	Ivans	1
Basiles	Basiles	1
Comanches	Comanches	1
Passe-Douteuse	Passe-Douteuse	1
reine Isabelle	reine Isabelle	1
Stockholm	Stockholm	1
Constantinople	Constantinople	1
Richard	Richard	1
Hippocrate	Hippocrate	1
Artaxerce	Artaxerce	1
Dorimon	Dorimon	1
Célestine	Célestine	1
Valsin	Valsin	1
Vaud	Vaud	1
Staub	Staub	1
Vignemale	Vignemale	1
Pissevache	Pissevache	1
Desmarets	Desmarets	1
Quia	Quia	1
Iliades	Iliades	1
Tilsitt	Tilsitt	1
Laplace	Laplace	1
Merlin	Merlin	1
Magimel	Magimel	1
Allegri	Allegri	1
Sixtine	Sixtine	1
Fatou	Fatou	1
Pajol	Pajol	1
Bellavesne	Bellavesne	1
Fririon	Fririon	1
Pssst	Pssst	1
Tiercelin	Tiercelin	1
Ogibbewas	Ogibbewas	1
Cadodaches	Cadodaches	1
Délibérez	Délibérez	1
Lorraine	Lorraine	1
Sicambres	Sicambres	1
Lanoire	Lanoire	1
Jean goujon	Jean goujon	1
Manuel du baccalauréat	Manuel du baccalauréat	1
Marcos Obregon de la Ronda	Marcos Obregon de la Ronda	1
Gil Blas	Gil Blas	1
Audry de Puyraveau	Audry de Puyraveau	1
Frédérick	Frédérick	1
Adrets	Adrets	1
U. F.	U. F.	1
U	U	1
Théocrite	Théocrite	1
Bartholo	Bartholo	1
Calvin	Calvin	1
Socin	Socin	1
Jean Huss	Jean Huss	1
Owen	Owen	1
Inferi	Inferi	1
Ugolin	Ugolin	1
Condensons	Condensons	1
Pas-du-tout	Pas-du-tout	1
Coco-Lacour	Coco-Lacour	1
Laveuve	Laveuve	1
Mardisoir	Mardisoir	1
Fauntleroy	Fauntleroy	1
Barrecarrosse	Barrecarrosse	1
Dupont	Dupont	1
Lesplanade-du-Sud	Lesplanade-du-Sud	1
Poussagrive	Poussagrive	1
Carmagnolet	Carmagnolet	1
Mangedentelle	Mangedentelle	1
Les-pieds-en-l'air	Les-pieds-en-l'air	1
Demi-liards	Demi-liards	1
Deux-milliards	Deux-milliards	1
Ambubaiarum	Ambubaiarum	1
Mathieu Laensberg	Mathieu Laensberg	1
Grucheray	Grucheray	1
Don Alvarez	Don Alvarez	1
Montvernet	Montvernet	1
S. ne	S. ne	1
S.	S.	1
Lolotte	Lolotte	1
Jacquot	Jacquot	1
Cinque	Cinque	1
MARINGO	MARINGO	1
AUSTERLITS	AUSTERLITS	1
IÉNA	IÉNA	1
WAGRAMME	WAGRAMME	1
ELOT	ELOT	1
Lavater	Lavater	1
DUCRAY-DUMINIL	DUCRAY-DUMINIL	1
Elmire	Elmire	1
Bélisaire	Bélisaire	1
Tout-le-Monde	Tout-le-Monde	1
Crebleur	Crebleur	1
Sirius	Sirius	1
Palisse	Palisse	1
PANCHAUD	PANCHAUD	1
Trouve-la	Trouve-la	1
Donnez-le	Donnez-le	1
rue Gracieuse	rue Gracieuse	1
rue Pierre-Lombard	rue Pierre-Lombard	1
Charles-Dix	Charles-Dix	1
P'pa	P'pa	1
Pierre-Lombard	Pierre-Lombard	1
Sakoski	Sakoski	1
Bruqueselles	Bruqueselles	1
Desnoyers	Desnoyers	1
U.F. c'est	U.F. c'est	1
Benvenuto Cellini	Benvenuto Cellini	1
Pardié	Pardié	1
Frédéric 2	Frédéric 2	1
Potsdam	Potsdam	1
Kisss	Kisss	1
Burgonmuche	Burgonmuche	1
Prusias	Prusias	1
d' Yvetot	d' Yvetot	1
Charles 1	Charles 1	1
10	10	1
Guillaume du vair	Guillaume du vair	1
Iturbide	Iturbide	1
Louis-Philippe d' Orléans	Louis-Philippe d' Orléans	1
Jemmapes	Jemmapes	1
Henri 3	Henri 3	1
Abd-el-Kader	Abd-el-Kader	1
Deutz	Deutz	1
Marie d' Orléans	Marie d' Orléans	1
Charles d' Orléans	Charles d' Orléans	1
Reichenau	Reichenau	1
Adélaïde	Adélaïde	1
Dumouriez	Dumouriez	1
de Chartres	de Chartres	1
Capet	Capet	1
Louis blanc	Louis blanc	1
Fieschi	Fieschi	1
Louis 9	Louis 9	1
d' Orléans	d' Orléans	1
Miguel	Miguel	1
Burtot	Burtot	1
M. Philippe	M. Philippe	1
Aug	Aug	1
Q 100 500 E	Q 100 500 E	1
Q. Bannerel	Q. Bannerel	1
Boubière	Boubière	1
Rollet	Rollet	1
E. Teissier	E. Teissier	1
Blanchard	Blanchard	1
Barra	Barra	1
Salle-au-Comte	Salle-au-Comte	1
Aubry	Aubry	1
J. J. R. Caïus Gracchus	J. J. R. Caïus Gracchus	1
Dufond	Dufond	1
Derbac	Derbac	1
Souver	Souver	1
Tilly	Tilly	1
Lahautière	Lahautière	1
Barricade-Merry	Barricade-Merry	1
Charenton	Charenton	1
Gallais	Gallais	1
Mathurins-Saint-Jacques	Mathurins-Saint-Jacques	1
Ennius	Ennius	1
Ingens	Ingens	1
Vieilles-Tuileries	Vieilles-Tuileries	1
Escousse	Escousse	1
Lebras	Lebras	1
BRUJON	BRUJON	1
du Brujon	du Brujon	1
Barre-Carrosse	Barre-Carrosse	1
de Babet	de Babet	1
Pierre de Médine	Pierre de Médine	1
Delancre	Delancre	1
Mutor de la Rubaudière	Mutor de la Rubaudière	1
Rubaudière	Rubaudière	1
Ophélia	Ophélia	1
Hamlet	Hamlet	1
baron Marius	baron Marius	1
Blomet	Blomet	1
Mansart	Mansart	1
gaucher	gaucher	1
Petites-Maisons	Petites-Maisons	1
de Lobau	de Lobau	1
Paphos	Paphos	1
Lamoignon	Lamoignon	1
Herbaut	Herbaut	1
Chien-fou	Chien-fou	1
Coutard	Coutard	1
Mans	Mans	1
Mothe-Houdancourt	Mothe-Houdancourt	1
Jean-Jacques Rousseau	Jean-Jacques Rousseau	1
Windsor-soaps	Windsor-soaps	1
Momacques	Momacques	1
Faust	Faust	1
Brocken	Brocken	1
saint Martin	saint Martin	1
Neurs	Neurs	1
Tanflûte	Tanflûte	1
Frédéric	Frédéric	1
Yoways	Yoways	1
Botocudos	Botocudos	1
Morfilez	Morfilez	1
Monte-à-Regret	Monte-à-Regret	1
E	E	1
Callot	Callot	1
Monte	Monte	1
Jonas	Jonas	1
Gniena	Gniena	1
Gnia	Gnia	1
V'là	V'là	1
Frédérick-Lemaître	Frédérick-Lemaître	1
Sanson	Sanson	1
de Kock	de Kock	1
Entortillez	Entortillez	1
Kirikikiou	Kirikikiou	1
Desrues	Desrues	1
Bouliner	Bouliner	1
Rencognons	Rencognons	1
Pigritia	Pigritia	1
Eugène Suë	Eugène Suë	1
de Modène	de Modène	1
de Montmorency	de Montmorency	1
Jean Bart	Jean Bart	1
Duquesne	Duquesne	1
Suffren	Suffren	1
Duperré	Duperré	1
de thune	de thune	1
Coësre	Coësre	1
Mac-Farlane	Mac-Farlane	1
Mac-Callummore	Mac-Callummore	1
Farlane	Farlane	1
Callummore	Callummore	1
Vousiergue	Vousiergue	1
Boyanches	Boyanches	1
Survincent	Survincent	1
Montgomery	Montgomery	1
Timaloumisaine	Timaloumisaine	1
Icicaille	Icicaille	1
Langleviel La Beaumelle	Langleviel La Beaumelle	1
Mirlababi	Mirlababi	1
Surlababi	Surlababi	1
de pantin	de pantin	1
Restif de la breton	Restif de la breton	1
Chaldée	Chaldée	1
Assyrie	Assyrie	1
Juliette	Juliette	1
Jungfrau	Jungfrau	1
rue Cosette	rue Cosette	1
Éponine Thénardier	Éponine Thénardier	1
Lisette	Lisette	1
Montparnasse	Montparnasse	1
Prochez	Prochez	1
Allons-nous	Allons-nous	1
Faublas	Faublas	1
Henri 8	Henri 8	1
Dis-la	Dis-la	1
Humblot-Conté	Humblot-Conté	1
rue Charlot	rue Charlot	1
Fauchequoi	Fauchequoi	1
Pttt	Pttt	1
Pousselevent	Pousselevent	1
de Robespierre	de Robespierre	1
Othello	Othello	1
Quadrains	Quadrains	1
Pierre de Besse	Pierre de Besse	1
de Navarre	de Navarre	1
Florilegium	Florilegium	1
Venetiis	Venetiis	1
Manutianis	Manutianis	1
Vatican	Vatican	1
Henri Estienne	Henri Estienne	1
Robert Estienne	Robert Estienne	1
Philinte	Philinte	1
Jean chouan	Jean chouan	1
Philippe 5	Philippe 5	1
Terray	Terray	1
Ramus	Ramus	1
Scipion	Scipion	1
Colomb	Colomb	1
de Lamballe	de Lamballe	1
Jéhu	Jéhu	1
Gracques	Gracques	1
Syène	Syène	1
Pathmos	Pathmos	1
Nérons	Nérons	1
Verrès	Verrès	1
Tibères	Tibères	1
Cilicie	Cilicie	1
Germanie	Germanie	1
Vitellius	Vitellius	1
Caracalla	Caracalla	1
Héliogabale	Héliogabale	1
Masaniello	Masaniello	1
Asturies	Asturies	1
Jacqueline	Jacqueline	1
Capel	Capel	1
Petit-Chapeau	Petit-Chapeau	1
Maison-Brûlée	Maison-Brûlée	1
Bernier	Bernier	1
Pretot	Pretot	1
Lemarin	Lemarin	1
Halle-aux-vins	Halle-aux-vins	1
de Reichstadt	de Reichstadt	1
de Fitz-James	de Fitz-James	1
Excelmans	Excelmans	1
Ludwig Snyder	Ludwig Snyder	1
Trenton	Trenton	1
Brandywine	Brandywine	1
rue de la Perle	rue de la Perle	1
Simon-le-Franc	Simon-le-Franc	1
Arcis	Arcis	1
Grande-Truanderie	Grande-Truanderie	1
rue Geoffroy-Langevin	rue Geoffroy-Langevin	1
Ménétriers	Ménétriers	1
Sainte-Pélagie	Sainte-Pélagie	1
Deux-Moulins	Deux-Moulins	1
de la bastille	de la bastille	1
Petits-Pères	Petits-Pères	1
Cour-Batave	Cour-Batave	1
de la banque	de la banque	1
Armand Carrel	Armand Carrel	1
Clausel	Clausel	1
Anne Radcliffe	Anne Radcliffe	1
Baour-Lormian	Baour-Lormian	1
Nini	Nini	1
Baudoyer	Baudoyer	1
Macbeth	Macbeth	1
Armuyr	Armuyr	1
de Bordeaux	de Bordeaux	1
Vargoulême	Vargoulême	1
Bacheux	Bacheux	1
Coin-de-la-Borne	Coin-de-la-Borne	1
Ratisbonne	Ratisbonne	1
Tou	Tou	1
Zi	Zi	1
Veuvain	Veuvain	1
de Veuvain	de Veuvain	1
NAPOLEON être faire tout en osier	NAPOLEON être faire tout en osier	1
Chanverrerie	Chanverrerie	1
Théophile	Théophile	1
Mathurin Régnier	Mathurin Régnier	1
Natoire	Natoire	1
S	S	1
G	G	1
Horas	Horas	1
Ç'avait	Ç'avait	1
Breul	Breul	1
Sauval	Sauval	1
Lebeuf	Lebeuf	1
Bouh	Bouh	1
Fidèrie	Fidèrie	1
Éques	Éques	1
Volsques	Volsques	1
Clusiens	Clusiens	1
Voe	Voe	1
Uri	Uri	1
Glaris	Glaris	1
Mahom	Mahom	1
Barius	Barius	1
Tymbrœus Apollo	Tymbrœus Apollo	1
Mariette	Mariette	1
Marion	Marion	1
A-B-C. c'est	A-B-C. c'est	1
A-B-C	A-B-C	1
Batelote	Batelote	1
Corinthum	Corinthum	1
Pygmalion	Pygmalion	1
du Titien	du Titien	1
Drogheda	Drogheda	1
Gibou	Gibou	1
Hercules	Hercules	1
Prado	Prado	1
JAVERT	JAVERT	1
Laiter	Laiter	1
Arbre-Sec	Arbre-Sec	1
Marché-aux-Poirées	Marché-aux-Poirées	1
Turin	Turin	1
Timoléon	Timoléon	1
Marcel	Marcel	1
Arnould de Blankenheim	Arnould de Blankenheim	1
Thrasybule	Thrasybule	1
Prêt'	Prêt'	1
Co-cocorico	Co-cocorico	1
Marius de Cosette	Marius de Cosette	1
d' Éponine	d' Éponine	1
Barneville	Barneville	1
Chosette	Chosette	1
Atala avec	Atala avec	1
Mila cogner	Mila cogner	1
Griserait	Griserait	1
Orfila	Orfila	1
Agnès	Agnès	1
Suzette	Suzette	1
Zéïla	Zéïla	1
Lola	Lola	1
Stella et	Stella et	1
dix	dix	1
Ossa	Ossa	1
Pélion	Pélion	1
Sinaï	Sinaï	1
Dallemagne	Dallemagne	1
Zaatcha	Zaatcha	1
Constantine	Constantine	1
Chéréas	Chéréas	1
Stephanus	Stephanus	1
Charlotte Corday	Charlotte Corday	1
Raux	Raux	1
Malfilâtre	Malfilâtre	1
Mævius	Mævius	1
Fréron	Fréron	1
Eutrope	Eutrope	1
Cydathenæum	Cydathenæum	1
Myrrhinus	Myrrhinus	1
Probalinthe	Probalinthe	1
AEantide	AEantide	1
Laurium	Laurium	1
Édaptéon	Édaptéon	1
Mimi	Mimi	1
Necker	Necker	1
Anacharsis Cloots	Anacharsis Cloots	1
Fauchevelent	Fauchevelent	1
Henri Fonfrède	Henri Fonfrède	1
Paul-Aimé Garnier	Paul-Aimé Garnier	1
Saint-Simoniens	Saint-Simoniens	1
de Saint-Simon	de Saint-Simon	1
Gravilliers	Gravilliers	1
Cavaignac de Baragne	Cavaignac de Baragne	1
de Napoléon	de Napoléon	1
Scarron	Scarron	1
Angélique	Angélique	1
Patria	Patria	1
Aldebaran	Aldebaran	1
Solem	Solem	1
Très-Hauts	Très-Hauts	1
Marie de Médicis	Marie de Médicis	1
Epidotas	Epidotas	1
Chanaan	Chanaan	1
Gérard de Nerval	Gérard de Nerval	1
Don quichotte	Don quichotte	1
Vitaï	Vitaï	1
B. au	B. au	1
Missouri	Missouri	1
Caroline du sud	Caroline du sud	1
Véda	Véda	1
Marignan	Marignan	1
Axyle	Axyle	1
Teuthranis	Teuthranis	1
Arisba	Arisba	1
Euryale	Euryale	1
Mécistée	Mécistée	1
Drésos	Drésos	1
Opheltios	Opheltios	1
Ésèpe	Ésèpe	1
Pédasus	Pédasus	1
Abarbarée	Abarbarée	1
Boucolion	Boucolion	1
Pidyte de Percose	Pidyte de Percose	1
Antiloque	Antiloque	1
Ablère	Ablère	1
Polypætès	Polypætès	1
Astyale	Astyale	1
Polydamas	Polydamas	1
Otos de Cyllène	Otos de Cyllène	1
Arétaon	Arétaon	1
Méganthios	Méganthios	1
Euripyle	Euripyle	1
Élatos	Élatos	1
Satnoïs	Satnoïs	1
Swantibore	Swantibore	1
Yvon	Yvon	1
Phylès	Phylès	1
de Polydamas	de Polydamas	1
Éphyre	Éphyre	1
Euphète	Euphète	1
Planche-Mibray	Planche-Mibray	1
Mégaryon	Mégaryon	1
de la Lycie	de la Lycie	1
Capitulez	Capitulez	1
Archimède	Archimède	1
Eckeberg	Eckeberg	1
Abraham	Abraham	1
Folie-Beaujon	Folie-Beaujon	1
Fo-Kian	Fo-Kian	1
Liebig	Liebig	1
Urbi	Urbi	1
Tyr	Tyr	1
Lutèce	Lutèce	1
Bénarès	Bénarès	1
Téglath-Phalasar	Téglath-Phalasar	1
Münster	Münster	1
Jean de Leyde	Jean de Leyde	1
Kekhscheb	Kekhscheb	1
Mokannâ	Mokannâ	1
Khorassan	Khorassan	1
Morin	Morin	1
Hurepoix	Hurepoix	1
Tristan	Tristan	1
Duprat	Duprat	1
Charles 9	Charles 9	1
Judengasse	Judengasse	1
Babel	Babel	1
rue Pierre-à-Poisson	rue Pierre-à-Poisson	1
Sainte-Foix	Sainte-Foix	1
de Créqui	de Créqui	1
Barillerie	Barillerie	1
Fagon	Fagon	1
Decrès	Decrès	1
Crétet	Crétet	1
Escaut	Escaut	1
Adige	Adige	1
Desaix	Desaix	1
Fleurus	Fleurus	1
Junot	Junot	1
Zuyderzée	Zuyderzée	1
Fourcroy	Fourcroy	1
Grand-Hurleur	Grand-Hurleur	1
Philibert Delorme	Philibert Delorme	1
Gros-Jean	Gros-Jean	1
In	In	1
Bernardins	Bernardins	1
LAVBESP	LAVBESP	1
Laubespine	Laubespine	1
Nargaud	Nargaud	1
Augias	Augias	1
Grande-Rue	Grande-Rue	1
Ourcq	Ourcq	1
Blanche	Blanche	1
Monnot	Monnot	1
Censier-Mouffetard	Censier-Mouffetard	1
Notre-Dame-de-Nazareth	Notre-Dame-de-Nazareth	1
Duleau	Duleau	1
rue Jacob	rue Jacob	1
Pont-au-Change	Pont-au-Change	1
Plâtrière	Plâtrière	1
T	T	1
Z	Z	1
Moret	Moret	1
Brack	Brack	1
F	F	1
Clarence	Clarence	1
Lunière	Lunière	1
Phélippeaux	Phélippeaux	1
de Nicolas Poutrain	de Nicolas Poutrain	1
Lérida	Lérida	1
Beautreillis	Beautreillis	1
Léandre	Léandre	1
Ponce-Pilate	Ponce-Pilate	1
Septièmement	Septièmement	1
Huitièmement	Huitièmement	1
Sainte-Marie-l'Égyptienne	Sainte-Marie-l'Égyptienne	1
Neuvièmement	Neuvièmement	1
Mme Henry	Mme Henry	1
Guillery	Guillery	1
Tityre	Tityre	1
Soulignons	Soulignons	1
Dorante	Dorante	1
Cosettes	Cosettes	1
Javottes	Javottes	1
Boulard	Boulard	1
de Birague	de Birague	1
Namur	Namur	1
gigogne	gigogne	1
Turris	Turris	1
Alcippe	Alcippe	1
Assaisonnez-le	Assaisonnez-le	1
Philis	Philis	1
Sabinus	Sabinus	1
Grippesou	Grippesou	1
de chabot	de chabot	1
de Montbazon	de Montbazon	1
de Soubise	de Soubise	1
Mérionée	Mérionée	1
Achille	Achille	1
Hector	Hector	1
Iliade	Iliade	1
Cujas	Cujas	1
Gamache	Gamache	1
Ventregoulette	Ventregoulette	1
Aldobrandini	Aldobrandini	1
d' Anville	d' Anville	1
Roche-Guyon	Roche-Guyon	1
Saxe	Saxe	1
Churchill	Churchill	1
Marlborough	Marlborough	1
Malbrouck	Malbrouck	1
Gille	Gille	1
lord Seymour	lord Seymour	1
Cassandres	Cassandres	1
Janot	Janot	1
Thespis	Thespis	1
Vadé	Vadé	1
Piron	Piron	1
Tohubohu	Tohubohu	1
Pharos	Pharos	1
toi	toi	1
Haydn	Haydn	1
Fortunatus	Fortunatus	1
Fortunata	Fortunata	1
Estelle	Estelle	1
Jubilez	Jubilez	1
Chloé	Chloé	1
Jacob	Jacob	1
Épaissirait	Épaissirait	1
Félicité	Félicité	1
Cook	Cook	1
Vade	Vade	1
de Canaples	de Canaples	1
Trois-Pavillons	Trois-Pavillons	1
Pommerci	Pommerci	1
Pitt	Pitt	1
Castelcicala	Castelcicala	1
Décroche-moi-ça du changeur	Décroche-moi-ça du changeur	1
de Chateaubriand	de Chateaubriand	1
Dier	Dier	1
Thénardier Jondrette	Thénardier Jondrette	1
Jondrette Thénardier	Jondrette Thénardier	1
New York	New York	1
